<?xml version="1.0" encoding="utf-8"?>
<geogebra format="5.0" version="5.0.736.0" app="classic" platform="d"  xsi:noNamespaceSchemaLocation="http://www.geogebra.org/apps/xsd/ggt.xsd" xmlns="" xmlns:xsi="http://www.w3.org/2001/XMLSchema-instance" >
<macro cmdName="DeCasteljau" toolName="De Casteljau" toolHelp="DeCasteljau[ &lt;Point&gt;, &lt;Point&gt;, &lt;Number&gt; ]" iconFile="" showInToolBar="true" copyCaptions="true">
<macroInput a0="D" a1="F" a2="r"/>
<macroOutput a0="G"/>
<construction title="" author="" date="">
<element type="numeric" label="r">
	<value val="0.258"/>
	<show object="true" label="true"/>
	<objColor r="0" g="0" b="0" alpha="0.10000000149011612"/>
	<layer val="0"/>
	<labelMode val="1"/>
	<animation speed="1" type="0" playing="false"/>
</element>
<element type="point" label="D">
	<show object="true" label="true"/>
	<objColor r="77" g="77" b="255" alpha="0.0"/>
	<layer val="0"/>
	<labelMode val="0"/>
	<animation step="0.1" speed="1" type="1" playing="false"/>
	<pointSize val="5"/>
	<pointStyle val="0"/>
	<coords x="12.0" y="5.0" z="1.0"/>
</element>
<element type="point" label="F">
	<show object="true" label="true"/>
	<objColor r="77" g="77" b="255" alpha="0.0"/>
	<layer val="0"/>
	<labelMode val="0"/>
	<animation step="0.1" speed="1" type="1" playing="false"/>
	<pointSize val="5"/>
	<pointStyle val="0"/>
	<coords x="14.0" y="11.0" z="1.0"/>
</element>
<expression label="G" exp="(r * Vector[F - D]) + D" type="point" />
<element type="point" label="G">
	<show object="true" label="true"/>
	<objColor r="68" g="68" b="68" alpha="0.0"/>
	<layer val="0"/>
	<labelMode val="0"/>
	<pointSize val="4"/>
	<pointStyle val="0"/>
	<coords x="12.516" y="6.548" z="1.0"/>
</element>
</construction>
</macro>
</geogebra>