<?xml version="1.0" encoding="utf-8"?>
<geogebra format="5.0" version="5.0.736.0" app="classic" platform="d"  xsi:noNamespaceSchemaLocation="http://www.geogebra.org/apps/xsd/ggt.xsd" xmlns="" xmlns:xsi="http://www.w3.org/2001/XMLSchema-instance" >
<macro cmdName="automate_t" toolName="automate_t" toolHelp="automate_t[ &lt;Point&gt;, &lt;Point&gt; ]" iconFile="" showInToolBar="true" copyCaptions="true">
<macroInput a0="A" a1="B"/>
<macroOutput a0="r"/>
<construction title="" author="" date="">
<element type="point" label="A">
	<show object="true" label="true"/>
	<objColor r="77" g="77" b="255" alpha="0.0"/>
	<layer val="0"/>
	<labelMode val="0"/>
	<animation step="0.1" speed="1" type="1" playing="false"/>
	<pointSize val="5"/>
	<pointStyle val="0"/>
	<coords x="4.0" y="5.0" z="1.0"/>
</element>
<element type="point" label="B">
	<show object="true" label="true"/>
	<objColor r="77" g="77" b="255" alpha="0.0"/>
	<layer val="0"/>
	<labelMode val="0"/>
	<animation step="0.1" speed="1" type="1" playing="false"/>
	<pointSize val="5"/>
	<pointStyle val="0"/>
	<coords x="8.0" y="5.0" z="1.0"/>
</element>
<command name="Segment">
	<input a0="A" a1="B"/>
	<output a0="f"/>
</command>
<element type="segment" label="f">
	<show object="false" label="false"/>
	<objColor r="0" g="0" b="0" alpha="0.0"/>
	<layer val="0"/>
	<labelMode val="0"/>
	<lineStyle thickness="5" type="0" typeHidden="1" opacity="178"/>
	<outlyingIntersections val="false"/>
	<keepTypeOnTransform val="true"/>
	<startStyle val="default"/>
	<endStyle val="default"/>
	<coords x="0.0" y="4.0" z="-20.0"/>
</element>
<command name="Point">
	<input a0="f"/>
	<output a0="C"/>
</command>
<element type="point" label="C">
	<show object="true" label="true"/>
	<objColor r="125" g="125" b="255" alpha="0.0"/>
	<layer val="0"/>
	<labelMode val="0"/>
	<animation step="0.1" speed="1" type="1" playing="false"/>
	<pointSize val="5"/>
	<pointStyle val="0"/>
	<coords x="6.06" y="5.0" z="1.0"/>
</element>
<expression label="r" exp="Length[A - C] / Length[A - B]" />
<element type="numeric" label="r">
	<value val="0.5149999999999999"/>
	<objColor r="0" g="0" b="0" alpha="0.10000000149011612"/>
</element>
</construction>
</macro>
</geogebra>